episode_title,published_at,track_no,artist,title,raw_text,source_field,extraction_status
3 / 30 田中渓のBeyond K-point『【最終回】interfmの取締役高原さんを迎えて、この番組の総括などお話をしています。』,"Sun, 29 Mar 2026 20:59:00 -0000",1,Nomak,Anger Of The Earth,Nomak / Anger Of The Earth,content_encoded,ok
3 / 30 田中渓のBeyond K-point『【最終回】interfmの取締役高原さんを迎えて、この番組の総括などお話をしています。』,"Sun, 29 Mar 2026 20:59:00 -0000",2,Cyndi Lauper,Time After Time,Cyndi Lauper / Time After Time,content_encoded,ok
3 / 30 田中渓のBeyond K-point『【最終回】interfmの取締役高原さんを迎えて、この番組の総括などお話をしています。』,"Sun, 29 Mar 2026 20:59:00 -0000",3,Christina Perri,A Thousand Years,Christina Perri / A Thousand Years,content_encoded,ok
3 / 30 田中渓のBeyond K-point『【最終回】interfmの取締役高原さんを迎えて、この番組の総括などお話をしています。』,"Sun, 29 Mar 2026 20:59:00 -0000",4,Aaliyah,Miss you,Aaliyah / Miss you,content_encoded,ok
3 / 30 田中渓のBeyond K-point『【最終回】interfmの取締役高原さんを迎えて、この番組の総括などお話をしています。』,"Sun, 29 Mar 2026 20:59:00 -0000",5,Elvis Costello,She,Elvis Costello / She,content_encoded,ok
3 / 30 田中渓のBeyond K-point『【最終回】interfmの取締役高原さんを迎えて、この番組の総括などお話をしています。』,"Sun, 29 Mar 2026 20:59:00 -0000",6,Wiz Khalifa,See You Again ft. Charlie Puth,Wiz Khalifa - See You Again ft. Charlie Puth,content_encoded,ok
3 / 23 田中渓のBeyond K-point『この番組としては最後のメッセージの紹介と各コーナーをお送りしました』,"Sun, 22 Mar 2026 20:59:00 -0000",1,Kut Klose,Lovely Thang,Kut Klose / Lovely Thang,content_encoded,ok
3 / 23 田中渓のBeyond K-point『この番組としては最後のメッセージの紹介と各コーナーをお送りしました』,"Sun, 22 Mar 2026 20:59:00 -0000",2,3*D,Georgy Porgy,3*D / Georgy Porgy,content_encoded,ok
3 / 23 田中渓のBeyond K-point『この番組としては最後のメッセージの紹介と各コーナーをお送りしました』,"Sun, 22 Mar 2026 20:59:00 -0000",3,FreeTempo,Dreaming,FreeTempo / Dreaming,content_encoded,ok
3 / 23 田中渓のBeyond K-point『この番組としては最後のメッセージの紹介と各コーナーをお送りしました』,"Sun, 22 Mar 2026 20:59:00 -0000",4,Charlie Puth,Home (feat. Hikaru Utada),Charlie Puth / Home (feat. Hikaru Utada),content_encoded,ok
3 / 23 田中渓のBeyond K-point『この番組としては最後のメッセージの紹介と各コーナーをお送りしました』,"Sun, 22 Mar 2026 20:59:00 -0000",5,Hans Zimmer,Maestro (From:The Holiday),Hans Zimmer / Maestro (From:The Holiday),content_encoded,ok
3 / 23 田中渓のBeyond K-point『この番組としては最後のメッセージの紹介と各コーナーをお送りしました』,"Sun, 22 Mar 2026 20:59:00 -0000",6,Liora Twani,Love on the line,Liora Twani / Love on the line,content_encoded,ok
3 / 9 田中渓のBeyond K-point『本日はメッセージの紹介。番組最後に重要なお知らせをしています。』,"Sun, 08 Mar 2026 20:59:00 -0000",1,Ian Asher,Moonlight,Ian Asher / Moonlight,content_encoded,ok
3 / 9 田中渓のBeyond K-point『本日はメッセージの紹介。番組最後に重要なお知らせをしています。』,"Sun, 08 Mar 2026 20:59:00 -0000",2,Macaroom,tombi,Macaroom / tombi,content_encoded,ok
3 / 9 田中渓のBeyond K-point『本日はメッセージの紹介。番組最後に重要なお知らせをしています。』,"Sun, 08 Mar 2026 20:59:00 -0000",3,Nyteflyte,You are,Nyteflyte / You are,content_encoded,ok
3 / 9 田中渓のBeyond K-point『本日はメッセージの紹介。番組最後に重要なお知らせをしています。』,"Sun, 08 Mar 2026 20:59:00 -0000",4,Teddy Swims,Bad dreams,Teddy Swims / Bad dreams,content_encoded,ok
3 / 9 田中渓のBeyond K-point『本日はメッセージの紹介。番組最後に重要なお知らせをしています。』,"Sun, 08 Mar 2026 20:59:00 -0000",5,Bruno Mars with Lady Gaga,Die With A Smile (Live in Las Vegas),Bruno Mars with Lady Gaga / Die With A Smile (Live in Las Vegas),content_encoded,ok
3 / 9 田中渓のBeyond K-point『本日はメッセージの紹介。番組最後に重要なお知らせをしています。』,"Sun, 08 Mar 2026 20:59:00 -0000",6,Archie James Cavanaugh,Make Me Believe,Archie James Cavanaugh / Make Me Believe,content_encoded,ok
3 / 2 田中渓のBeyond K-point『本日は、“聞く健康習慣　Hana博士のポッドキャスト”『体調最高ラジオ』とのコラボレーションです。』,"Sun, 01 Mar 2026 20:59:00 -0000",1,Avicii,Wake Me Up,Avicii / Wake Me Up,content_encoded,ok
3 / 2 田中渓のBeyond K-point『本日は、“聞く健康習慣　Hana博士のポッドキャスト”『体調最高ラジオ』とのコラボレーションです。』,"Sun, 01 Mar 2026 20:59:00 -0000",2,Arknights,Speed of Light,Arknights / Speed of Light,content_encoded,ok
3 / 2 田中渓のBeyond K-point『本日は、“聞く健康習慣　Hana博士のポッドキャスト”『体調最高ラジオ』とのコラボレーションです。』,"Sun, 01 Mar 2026 20:59:00 -0000",3,松任谷由実,やさしさに包まれたなら,松任谷由実 / やさしさに包まれたなら,content_encoded,ok
3 / 2 田中渓のBeyond K-point『本日は、“聞く健康習慣　Hana博士のポッドキャスト”『体調最高ラジオ』とのコラボレーションです。』,"Sun, 01 Mar 2026 20:59:00 -0000",4,Susan Boyle,I Dreamed A Dream,Susan Boyle / I Dreamed A Dream,content_encoded,ok
3 / 2 田中渓のBeyond K-point『本日は、“聞く健康習慣　Hana博士のポッドキャスト”『体調最高ラジオ』とのコラボレーションです。』,"Sun, 01 Mar 2026 20:59:00 -0000",5,Rachel Platten,Fight Song,Rachel Platten / Fight Song,content_encoded,ok
2 / 23 田中渓のBeyond K-point『本日はTIPSとメッセージの紹介。もちろん「Go-To Song」もあります。』,"Sun, 22 Feb 2026 20:59:00 -0000",1,Justin Timberlake,Take Back The Night,Justin Timberlake / Take Back The Night,content_encoded,ok
2 / 23 田中渓のBeyond K-point『本日はTIPSとメッセージの紹介。もちろん「Go-To Song」もあります。』,"Sun, 22 Feb 2026 20:59:00 -0000",2,Michelle Branch,Everywhere,Michelle Branch / Everywhere,content_encoded,ok
2 / 23 田中渓のBeyond K-point『本日はTIPSとメッセージの紹介。もちろん「Go-To Song」もあります。』,"Sun, 22 Feb 2026 20:59:00 -0000",3,夏夜 feat. Alexandra Prince,Rise Over,夏夜 feat. Alexandra Prince / Rise Over,content_encoded,ok
2 / 23 田中渓のBeyond K-point『本日はTIPSとメッセージの紹介。もちろん「Go-To Song」もあります。』,"Sun, 22 Feb 2026 20:59:00 -0000",4,Boney M,Sunny,Boney M / Sunny,content_encoded,ok
2 / 23 田中渓のBeyond K-point『本日はTIPSとメッセージの紹介。もちろん「Go-To Song」もあります。』,"Sun, 22 Feb 2026 20:59:00 -0000",5,Ego-wrappin,かつて..。,Ego-wrappin /かつて..。,content_encoded,ok
2 / 23 田中渓のBeyond K-point『本日はTIPSとメッセージの紹介。もちろん「Go-To Song」もあります。』,"Sun, 22 Feb 2026 20:59:00 -0000",6,Seu jorge,Ole Ole,Seu jorge / Ole Ole,content_encoded,ok
2 / 16 田中渓のBeyond K-point『本日はメッセージの紹介』,"Sun, 15 Feb 2026 20:59:00 -0000",1,Lost in paradise,ALI,Lost in paradise / ALI,content_encoded,ok
2 / 16 田中渓のBeyond K-point『本日はメッセージの紹介』,"Sun, 15 Feb 2026 20:59:00 -0000",2,Hailey Beebs,Almost Monday,Hailey Beebs / Almost Monday,content_encoded,ok
2 / 16 田中渓のBeyond K-point『本日はメッセージの紹介』,"Sun, 15 Feb 2026 20:59:00 -0000",3,outside (summer remix),Flipside,outside (summer remix) / Flipside,content_encoded,ok
2 / 16 田中渓のBeyond K-point『本日はメッセージの紹介』,"Sun, 15 Feb 2026 20:59:00 -0000",4,It's All Coming Back To Me Now ー Because You Loved Me ー To Love You More,Celine Dion,It's All Coming Back To Me Now ー Because You Loved Me ー To Love You More / Celine Dion,content_encoded,ok
2 / 16 田中渓のBeyond K-point『本日はメッセージの紹介』,"Sun, 15 Feb 2026 20:59:00 -0000",6,Unwritten,Natasha Bedingfield,Unwritten / Natasha Bedingfield,content_encoded,ok
2 / 9 田中渓のBeyond K-point『本日は早稲田大学ビジネススクール教授の入山章栄先生をゲストにお迎えしてお話を伺いました』,"Sun, 08 Feb 2026 20:59:00 -0000",1,Billyrrom,Defunk,Billyrrom / Defunk,content_encoded,ok
2 / 9 田中渓のBeyond K-point『本日は早稲田大学ビジネススクール教授の入山章栄先生をゲストにお迎えしてお話を伺いました』,"Sun, 08 Feb 2026 20:59:00 -0000",2,Javier Canto,Afternoon Sunset,Javier Canto / Afternoon Sunset,content_encoded,ok
2 / 9 田中渓のBeyond K-point『本日は早稲田大学ビジネススクール教授の入山章栄先生をゲストにお迎えしてお話を伺いました』,"Sun, 08 Feb 2026 20:59:00 -0000",3,Dynamicduo,aeao,Dynamicduo / aeao,content_encoded,ok
2 / 9 田中渓のBeyond K-point『本日は早稲田大学ビジネススクール教授の入山章栄先生をゲストにお迎えしてお話を伺いました』,"Sun, 08 Feb 2026 20:59:00 -0000",4,Guns N' Roses,Paradise City,Guns N' Roses / Paradise City,content_encoded,ok
2 / 9 田中渓のBeyond K-point『本日は早稲田大学ビジネススクール教授の入山章栄先生をゲストにお迎えしてお話を伺いました』,"Sun, 08 Feb 2026 20:59:00 -0000",6,Jerzee Monet,respect,Jerzee Monet / respect,content_encoded,ok
2 / 2 田中渓のBeyond K-point『田中渓のかつてのDJ　MIXをお届け！！』,"Sun, 01 Feb 2026 20:59:00 -0000",1,Nate Dogg & Warren G,Nobody does it better,Nate Dogg & Warren G / Nobody does it better,content_encoded,ok
2 / 2 田中渓のBeyond K-point『田中渓のかつてのDJ　MIXをお届け！！』,"Sun, 01 Feb 2026 20:59:00 -0000",2-1,Nujabes,The Final View,Nujabes / The Final View,content_encoded,ok
2 / 2 田中渓のBeyond K-point『田中渓のかつてのDJ　MIXをお届け！！』,"Sun, 01 Feb 2026 20:59:00 -0000",2-2,Count Base D,7 Years,Count Base D / 7 Years,content_encoded,ok
2 / 2 田中渓のBeyond K-point『田中渓のかつてのDJ　MIXをお届け！！』,"Sun, 01 Feb 2026 20:59:00 -0000",2-3,Kero One,Check the Blueprints,Kero One / Check the Blueprints,content_encoded,ok
2 / 2 田中渓のBeyond K-point『田中渓のかつてのDJ　MIXをお届け！！』,"Sun, 01 Feb 2026 20:59:00 -0000",2-4,Kero One,The Cycle Repeats,Kero One / The Cycle Repeats,content_encoded,ok
2 / 2 田中渓のBeyond K-point『田中渓のかつてのDJ　MIXをお届け！！』,"Sun, 01 Feb 2026 20:59:00 -0000",2-5,Funky DL feat. Nujabes,Lyrics no stress (Remix),Funky DL feat. Nujabes / Lyrics no stress (Remix),content_encoded,ok
2 / 2 田中渓のBeyond K-point『田中渓のかつてのDJ　MIXをお届け！！』,"Sun, 01 Feb 2026 20:59:00 -0000",2-6,Nujabes,Lady Brown,Nujabes / Lady Brown,content_encoded,ok
2 / 2 田中渓のBeyond K-point『田中渓のかつてのDJ　MIXをお届け！！』,"Sun, 01 Feb 2026 20:59:00 -0000",2-7,Nujabes,F.I.L.O,Nujabes / F.I.L.O,content_encoded,ok
2 / 2 田中渓のBeyond K-point『田中渓のかつてのDJ　MIXをお届け！！』,"Sun, 01 Feb 2026 20:59:00 -0000",2-8,Nujabes,Don't Even Try It,Nujabes / Don't Even Try It,content_encoded,ok
2 / 2 田中渓のBeyond K-point『田中渓のかつてのDJ　MIXをお届け！！』,"Sun, 01 Feb 2026 20:59:00 -0000",2-9,Nujabes feat. Shing02,Luv (sic.) pt 2,Nujabes feat. Shing02/ Luv (sic.) pt 2,content_encoded,ok
2 / 2 田中渓のBeyond K-point『田中渓のかつてのDJ　MIXをお届け！！』,"Sun, 01 Feb 2026 20:59:00 -0000",3,Jamiroquai,Traveling without moving,Jamiroquai / Traveling without moving,content_encoded,ok
2 / 2 田中渓のBeyond K-point『田中渓のかつてのDJ　MIXをお届け！！』,"Sun, 01 Feb 2026 20:59:00 -0000",4,The Chimes,I still haven’t found what I am looking for,The Chimes / I still haven’t found what I am looking for,content_encoded,ok
1 / 19 田中渓のBeyond K-point『本日はこの番組の4社目のスポンサー山口企画様より代表の山口理栄さんをお迎えしてお話を伺いました』,"Sun, 18 Jan 2026 20:59:00 -0000",1,Life (2013),Bird,Life (2013) / Bird,content_encoded,ok
1 / 19 田中渓のBeyond K-point『本日はこの番組の4社目のスポンサー山口企画様より代表の山口理栄さんをお迎えしてお話を伺いました』,"Sun, 18 Jan 2026 20:59:00 -0000",2,More than friends,3LW,More than friends / 3LW,content_encoded,ok
1 / 19 田中渓のBeyond K-point『本日はこの番組の4社目のスポンサー山口企画様より代表の山口理栄さんをお迎えしてお話を伺いました』,"Sun, 18 Jan 2026 20:59:00 -0000",3,Feel a Glow,Helios Jazz Club,Feel a Glow / Helios Jazz Club,content_encoded,ok
1 / 19 田中渓のBeyond K-point『本日はこの番組の4社目のスポンサー山口企画様より代表の山口理栄さんをお迎えしてお話を伺いました』,"Sun, 18 Jan 2026 20:59:00 -0000",4,FAST CAR,Tracy Chapman,FAST CAR / Tracy Chapman,content_encoded,ok
1 / 19 田中渓のBeyond K-point『本日はこの番組の4社目のスポンサー山口企画様より代表の山口理栄さんをお迎えしてお話を伺いました』,"Sun, 18 Jan 2026 20:59:00 -0000",5,Just Stand Up,Artists stand up to Cancer,Just Stand Up / Artists stand up to Cancer,content_encoded,ok
1 / 12 田中渓のBeyond K-point『本日はメッセージの紹介』,"Sun, 11 Jan 2026 20:59:00 -0000",1,2003 bonnie and clyde(feat.Beyonce Knowles),Jay-z,2003 bonnie and clyde(feat.Beyonce Knowles)/ Jay-z,content_encoded,ok
1 / 12 田中渓のBeyond K-point『本日はメッセージの紹介』,"Sun, 11 Jan 2026 20:59:00 -0000",2,The game,hate it or love it,The game / hate it or love it,content_encoded,ok
1 / 12 田中渓のBeyond K-point『本日はメッセージの紹介』,"Sun, 11 Jan 2026 20:59:00 -0000",3,Mitch Murder,Inertia,Mitch Murder / Inertia,content_encoded,ok
1 / 12 田中渓のBeyond K-point『本日はメッセージの紹介』,"Sun, 11 Jan 2026 20:59:00 -0000",4,G-easy & Kehlani,Good life,G-easy & Kehlani / Good life,content_encoded,ok
1 / 12 田中渓のBeyond K-point『本日はメッセージの紹介』,"Sun, 11 Jan 2026 20:59:00 -0000",5,Eminem,Stan,Eminem / Stan,content_encoded,ok
1 / 12 田中渓のBeyond K-point『本日はメッセージの紹介』,"Sun, 11 Jan 2026 20:59:00 -0000",6,Imagine dragon,Demon,Imagine dragon / Demon,content_encoded,ok
1 / 5 田中渓のBeyond K-point『2026年、田中渓のやりたい事』,"Sun, 04 Jan 2026 20:59:00 -0000",1,Pentatonix,New Year’s Day,Pentatonix _ New Year’s Day,content_encoded,ok
1 / 5 田中渓のBeyond K-point『2026年、田中渓のやりたい事』,"Sun, 04 Jan 2026 20:59:00 -0000",2,P!nk,Raise Your Glass,P!nk _ Raise Your Glass,content_encoded,ok
1 / 5 田中渓のBeyond K-point『2026年、田中渓のやりたい事』,"Sun, 04 Jan 2026 20:59:00 -0000",3,Zedd,Clarity ft. Foxes,Zedd _ Clarity ft. Foxes,content_encoded,ok
1 / 5 田中渓のBeyond K-point『2026年、田中渓のやりたい事』,"Sun, 04 Jan 2026 20:59:00 -0000",4,Ed Sheran,Castle on the hill,Ed Sheran _ Castle on the hill,content_encoded,ok
1 / 5 田中渓のBeyond K-point『2026年、田中渓のやりたい事』,"Sun, 04 Jan 2026 20:59:00 -0000",5,Ilaria graziano,I do,Ilaria graziano _ I do,content_encoded,ok
1 / 5 田中渓のBeyond K-point『2026年、田中渓のやりたい事』,"Sun, 04 Jan 2026 20:59:00 -0000",6,Les Nubians,Temperature Rising,Les Nubians _ Temperature Rising,content_encoded,ok
12 / 29 田中渓のBeyond K-point『2025年の田中渓の振り返り』,"Sun, 28 Dec 2025 20:59:00 -0000",1,"David Guetta, Teddy Swims, Tones and I",Gone Gone Gone,"David Guetta, Teddy Swims, Tones and I / Gone Gone Gone",content_encoded,ok
12 / 29 田中渓のBeyond K-point『2025年の田中渓の振り返り』,"Sun, 28 Dec 2025 20:59:00 -0000",2,Mya,Fallen,Mya / Fallen,content_encoded,ok
12 / 29 田中渓のBeyond K-point『2025年の田中渓の振り返り』,"Sun, 28 Dec 2025 20:59:00 -0000",3,Haruka Nakamura and Nujabes,Lamp,Haruka Nakamura and Nujabes / Lamp,content_encoded,ok
12 / 29 田中渓のBeyond K-point『2025年の田中渓の振り返り』,"Sun, 28 Dec 2025 20:59:00 -0000",4,"Maurice Abravanel,Reid Nibley,Utah Symphony",Grand Tarantelle,"Maurice Abravanel,Reid Nibley,Utah Symphony /Grand Tarantelle",content_encoded,ok
12 / 29 田中渓のBeyond K-point『2025年の田中渓の振り返り』,"Sun, 28 Dec 2025 20:59:00 -0000",5,Des'ree,Life,Des'ree / Life,content_encoded,ok
12 / 22 田中渓のBeyond K-point『ゲストに「Broke」「Church」の大ヒットを記録したSamm Henshawさんをお迎えしました』,"Sun, 21 Dec 2025 20:59:00 -0000",1,Duke Jordan,I should care,Duke Jordan _ I should care,content_encoded,ok
12 / 22 田中渓のBeyond K-point『ゲストに「Broke」「Church」の大ヒットを記録したSamm Henshawさんをお迎えしました』,"Sun, 21 Dec 2025 20:59:00 -0000",2,Samm Henshaw,Church,Samm Henshaw_Church,content_encoded,ok
12 / 22 田中渓のBeyond K-point『ゲストに「Broke」「Church」の大ヒットを記録したSamm Henshawさんをお迎えしました』,"Sun, 21 Dec 2025 20:59:00 -0000",3,Samm Henshaw,Float,Samm Henshaw_Float,content_encoded,ok
12 / 22 田中渓のBeyond K-point『ゲストに「Broke」「Church」の大ヒットを記録したSamm Henshawさんをお迎えしました』,"Sun, 21 Dec 2025 20:59:00 -0000",4,Samm Henshaw,Find My Love（feat.Tori Kelly）,Samm Henshaw_ Find My Love（feat.Tori Kelly）,content_encoded,ok
12 / 22 田中渓のBeyond K-point『ゲストに「Broke」「Church」の大ヒットを記録したSamm Henshawさんをお迎えしました』,"Sun, 21 Dec 2025 20:59:00 -0000",5,Michael Buble,All I want for Christmas is you,Michael Buble _ All I want for Christmas is you,content_encoded,ok
12 / 22 田中渓のBeyond K-point『ゲストに「Broke」「Church」の大ヒットを記録したSamm Henshawさんをお迎えしました』,"Sun, 21 Dec 2025 20:59:00 -0000",6,Boyz II men,Silent night,Boyz II men _ Silent night,content_encoded,ok
12 / 22 田中渓のBeyond K-point『ゲストに「Broke」「Church」の大ヒットを記録したSamm Henshawさんをお迎えしました』,"Sun, 21 Dec 2025 20:59:00 -0000",7,Nsync,the first noel,Nsync _ the first noel,content_encoded,ok
12 / 15 田中渓のBeyond K-point『今週はゲストにミュージシャンの吉井和哉さん（THE YELLOW MONKEY）をお迎えしました』,"Sun, 14 Dec 2025 20:59:00 -0000",1,THE YELLOW MONKEY,バラ色の日々,THE YELLOW MONKEY_バラ色の日々_,content_encoded,ok
12 / 15 田中渓のBeyond K-point『今週はゲストにミュージシャンの吉井和哉さん（THE YELLOW MONKEY）をお迎えしました』,"Sun, 14 Dec 2025 20:59:00 -0000",2,THE YELLOW MONKEY,BURN,THE YELLOW MONKEY_BURN,content_encoded,ok
12 / 15 田中渓のBeyond K-point『今週はゲストにミュージシャンの吉井和哉さん（THE YELLOW MONKEY）をお迎えしました』,"Sun, 14 Dec 2025 20:59:00 -0000",3,吉井和哉,みらいのうた,吉井和哉_みらいのうた,content_encoded,ok
12 / 15 田中渓のBeyond K-point『今週はゲストにミュージシャンの吉井和哉さん（THE YELLOW MONKEY）をお迎えしました』,"Sun, 14 Dec 2025 20:59:00 -0000",4,吉井和哉,甘い吐息を震わせて,吉井和哉_甘い吐息を震わせて,content_encoded,ok
12 / 15 田中渓のBeyond K-point『今週はゲストにミュージシャンの吉井和哉さん（THE YELLOW MONKEY）をお迎えしました』,"Sun, 14 Dec 2025 20:59:00 -0000",5,THE YELLOW MONKEY,砂の塔,THE YELLOW MONKEY_砂の塔,content_encoded,ok
12 / 8 田中渓のBeyond K-point『今週のTipsは「言語化について」のお話』,"Sun, 07 Dec 2025 20:59:00 -0000",1,Crash Adams,New Heart,Crash Adams / New Heart,content_encoded,ok
12 / 8 田中渓のBeyond K-point『今週のTipsは「言語化について」のお話』,"Sun, 07 Dec 2025 20:59:00 -0000",2,ZICO feat. Jennie,Spot,ZICO feat. Jennie / Spot,content_encoded,ok
12 / 8 田中渓のBeyond K-point『今週のTipsは「言語化について」のお話』,"Sun, 07 Dec 2025 20:59:00 -0000",3,Jason Derulo,Whatcha Say,Jason Derulo / Whatcha Say,content_encoded,ok
12 / 8 田中渓のBeyond K-point『今週のTipsは「言語化について」のお話』,"Sun, 07 Dec 2025 20:59:00 -0000",4,Lunch Time Speax,止マッテタマッカ!!! DEV LARGE Remix,Lunch Time Speax / 止マッテタマッカ!!! DEV LARGE Remix,content_encoded,ok
12 / 8 田中渓のBeyond K-point『今週のTipsは「言語化について」のお話』,"Sun, 07 Dec 2025 20:59:00 -0000",5,ポーリュシカ・ポーレ,オリガ,ポーリュシカ・ポーレ / オリガ,content_encoded,ok
12 / 8 田中渓のBeyond K-point『今週のTipsは「言語化について」のお話』,"Sun, 07 Dec 2025 20:59:00 -0000",6,3 Doors Down,Here without you,3 Doors Down / Here without you,content_encoded,ok
12 / 1 田中渓のBeyond K-point『今日の放送から時間枠拡大！！ まさにinterfmの1週間の始まりの番組になりました』,"Sun, 30 Nov 2025 20:59:00 -0000",1,Miyavi,What’s my name,Miyavi _ What’s my name,content_encoded,ok
12 / 1 田中渓のBeyond K-point『今日の放送から時間枠拡大！！ まさにinterfmの1週間の始まりの番組になりました』,"Sun, 30 Nov 2025 20:59:00 -0000",2,"Leon Thomas,Chris Brown",MUTT (CB remix),"Leon Thomas,Chris Brown _ MUTT (CB remix)",content_encoded,ok
12 / 1 田中渓のBeyond K-point『今日の放送から時間枠拡大！！ まさにinterfmの1週間の始まりの番組になりました』,"Sun, 30 Nov 2025 20:59:00 -0000",3,Hana,My body,Hana _ My body,content_encoded,ok
12 / 1 田中渓のBeyond K-point『今日の放送から時間枠拡大！！ まさにinterfmの1週間の始まりの番組になりました』,"Sun, 30 Nov 2025 20:59:00 -0000",4,さらさ,Thinking of you,さらさ _ Thinking of you,content_encoded,ok
12 / 1 田中渓のBeyond K-point『今日の放送から時間枠拡大！！ まさにinterfmの1週間の始まりの番組になりました』,"Sun, 30 Nov 2025 20:59:00 -0000",5,シートベルツ (Cowboy Bebop より),Tank,シートベルツ (Cowboy Bebop より) _ Tank,content_encoded,ok
12 / 1 田中渓のBeyond K-point『今日の放送から時間枠拡大！！ まさにinterfmの1週間の始まりの番組になりました』,"Sun, 30 Nov 2025 20:59:00 -0000",6,シートベルツ (Cowboy Bebop より),Rush,シートベルツ (Cowboy Bebop より) _ Rush,content_encoded,ok
12 / 1 田中渓のBeyond K-point『今日の放送から時間枠拡大！！ まさにinterfmの1週間の始まりの番組になりました』,"Sun, 30 Nov 2025 20:59:00 -0000",7,T-pain (Feat.Akon),Bartender,T-pain (Feat.Akon) _ Bartender,content_encoded,ok
11 / 24 田中渓のBeyond K-point『ゲスト「bloom株式会社」代表取締役・林栄吾さん、最高執行役社長・小田村郷さん』,"Sun, 23 Nov 2025 20:59:00 -0000",1,A.L.I.S.O.N & Hotel Pools,Lifted,A.L.I.S.O.N & Hotel Pools _ Lifted,content_encoded,ok
11 / 24 田中渓のBeyond K-point『ゲスト「bloom株式会社」代表取締役・林栄吾さん、最高執行役社長・小田村郷さん』,"Sun, 23 Nov 2025 20:59:00 -0000",2,Fridayy & Chris brown,Don’t give it away,Fridayy & Chris brown _ Don’t give it away,content_encoded,ok
11 / 24 田中渓のBeyond K-point『ゲスト「bloom株式会社」代表取締役・林栄吾さん、最高執行役社長・小田村郷さん』,"Sun, 23 Nov 2025 20:59:00 -0000",3,T.O.K.,Money 2 burn,T.O.K. _ Money 2 burn,content_encoded,ok
11 / 24 田中渓のBeyond K-point『ゲスト「bloom株式会社」代表取締役・林栄吾さん、最高執行役社長・小田村郷さん』,"Sun, 23 Nov 2025 20:59:00 -0000",4,Oasis,Wonderwall,Oasis _ Wonderwall,content_encoded,ok
11 / 24 田中渓のBeyond K-point『ゲスト「bloom株式会社」代表取締役・林栄吾さん、最高執行役社長・小田村郷さん』,"Sun, 23 Nov 2025 20:59:00 -0000",5,Eminem,Love the way you Lie (feat._Rihanna),Eminem _ Love the way you Lie (feat._Rihanna),content_encoded,ok
11 / 17 田中渓のBeyond K-point『今日のTipsは「準備をする」』,"Sun, 16 Nov 2025 20:59:00 -0000",1,竹内まりや,Plastic Love,竹内まりや / Plastic Love,content_encoded,ok
11 / 17 田中渓のBeyond K-point『今日のTipsは「準備をする」』,"Sun, 16 Nov 2025 20:59:00 -0000",2,離婚伝説,まるで天使さ,離婚伝説 / まるで天使さ,content_encoded,ok
11 / 17 田中渓のBeyond K-point『今日のTipsは「準備をする」』,"Sun, 16 Nov 2025 20:59:00 -0000",3,Beat Flickers,Midnight Radio,Beat Flickers / Midnight Radio,content_encoded,ok
11 / 17 田中渓のBeyond K-point『今日のTipsは「準備をする」』,"Sun, 16 Nov 2025 20:59:00 -0000",4,Beat Flickers,夜明けのスローダンス,Beat Flickers / 夜明けのスローダンス,content_encoded,ok
11 / 17 田中渓のBeyond K-point『今日のTipsは「準備をする」』,"Sun, 16 Nov 2025 20:59:00 -0000",5,松原みき,真夜中のドア,松原みき/ 真夜中のドア,content_encoded,ok
11 / 10 田中渓のBeyond K-point『今回のゲストは広瀬香美さんでした！』,"Sun, 09 Nov 2025 20:59:00 -0000",1,広瀬香美,幸せをつかみたい,広瀬香美 / 幸せをつかみたい,content_encoded,ok
11 / 10 田中渓のBeyond K-point『今回のゲストは広瀬香美さんでした！』,"Sun, 09 Nov 2025 20:59:00 -0000",2,広瀬香美,Promise,広瀬香美 / Promise,content_encoded,ok
11 / 10 田中渓のBeyond K-point『今回のゲストは広瀬香美さんでした！』,"Sun, 09 Nov 2025 20:59:00 -0000",3,UtaHime,Fight Song,UtaHime / Fight Song,content_encoded,ok
11 / 10 田中渓のBeyond K-point『今回のゲストは広瀬香美さんでした！』,"Sun, 09 Nov 2025 20:59:00 -0000",4,広瀬香美,君にセレナーデ,広瀬香美 / 君にセレナーデ,content_encoded,ok
11 / 3 田中渓のBeyond K-point,"Sun, 02 Nov 2025 20:59:00 -0000",1,Mariah carey,we belong together (Remix),Mariah carey / we belong together (Remix),content_encoded,ok
11 / 3 田中渓のBeyond K-point,"Sun, 02 Nov 2025 20:59:00 -0000",2,Sam smith,Restart,Sam smith / Restart,content_encoded,ok
11 / 3 田中渓のBeyond K-point,"Sun, 02 Nov 2025 20:59:00 -0000",3,宇多田ヒカル,Forevermore,宇多田ヒカル / Forevermore,content_encoded,ok
11 / 3 田中渓のBeyond K-point,"Sun, 02 Nov 2025 20:59:00 -0000",4,Wayne wonder,Glad you came My way,Wayne wonder / Glad you came My way,content_encoded,ok
11 / 3 田中渓のBeyond K-point,"Sun, 02 Nov 2025 20:59:00 -0000",5,ちゃんみな,Pain is beauty,ちゃんみな / Pain is beauty,content_encoded,ok
10 / 27 田中渓のBeyond K-point,"Sun, 26 Oct 2025 20:59:00 -0000",1,Mary J Blige,Rainy Dayz (Feat.Ja Rule),Mary J Blige / Rainy Dayz (Feat.Ja Rule),content_encoded,ok
10 / 27 田中渓のBeyond K-point,"Sun, 26 Oct 2025 20:59:00 -0000",2,Royce Da 5’9,boom [Radio Version],Royce Da 5’9 / boom [Radio Version],content_encoded,ok
10 / 27 田中渓のBeyond K-point,"Sun, 26 Oct 2025 20:59:00 -0000",3,Queen,Don’t stop me now,Queen / Don’t stop me now,content_encoded,ok
10 / 27 田中渓のBeyond K-point,"Sun, 26 Oct 2025 20:59:00 -0000",4,Ed Sheeran,Shivers,Ed Sheeran / Shivers,content_encoded,ok
10 / 27 田中渓のBeyond K-point,"Sun, 26 Oct 2025 20:59:00 -0000",5,The Black Eyed Peas,Where is the love,The Black Eyed Peas / Where is the love,content_encoded,ok
10 / 20 田中渓のBeyond K-point,"Sun, 19 Oct 2025 20:59:00 -0000",1,Sabrina Carpenter,Tears,Sabrina Carpenter / Tears,content_encoded,ok
10 / 20 田中渓のBeyond K-point,"Sun, 19 Oct 2025 20:59:00 -0000",2,Soul Head,You can do that,Soul Head / You can do that,content_encoded,ok
10 / 20 田中渓のBeyond K-point,"Sun, 19 Oct 2025 20:59:00 -0000",3,Mýa,Shy Guy (DJ Hasebe Remix),Mýa- Shy Guy (DJ Hasebe Remix),content_encoded,ok
10 / 20 田中渓のBeyond K-point,"Sun, 19 Oct 2025 20:59:00 -0000",4,Julius Rodriguez,Momentum,Julius Rodriguez / Momentum,content_encoded,ok
10 / 20 田中渓のBeyond K-point,"Sun, 19 Oct 2025 20:59:00 -0000",5,Eric Benet,So distracted,Eric Benet / So distracted,content_encoded,ok
10 / 13 田中渓のBeyond K-point,"Sun, 12 Oct 2025 20:59:00 -0000",1,紫今,Server Down,紫今 / Server Down,content_encoded,ok
10 / 13 田中渓のBeyond K-point,"Sun, 12 Oct 2025 20:59:00 -0000",2,Alessia Labate,Highway,Alessia Labate / Highway,content_encoded,ok
10 / 13 田中渓のBeyond K-point,"Sun, 12 Oct 2025 20:59:00 -0000",3,AK,If you love me,AK / If you love me,content_encoded,ok
10 / 13 田中渓のBeyond K-point,"Sun, 12 Oct 2025 20:59:00 -0000",4,Artyom Manukyan,Cityzen,Artyom Manukyan / Cityzen,content_encoded,ok
10 / 13 田中渓のBeyond K-point,"Sun, 12 Oct 2025 20:59:00 -0000",5,Mos Def,Life is good,Mos Def / Life is good,content_encoded,ok
10 / 6 田中渓のBeyond K-point,"Sun, 05 Oct 2025 20:59:00 -0000",1,Destiny’s Child,Survivor,Destiny’s Child _ Survivor,content_encoded,ok
10 / 6 田中渓のBeyond K-point,"Sun, 05 Oct 2025 20:59:00 -0000",2,Estelle,New Direction (feat. LaRussell & Keyon Harrold),Estelle _New Direction (feat. LaRussell & Keyon Harrold),content_encoded,ok
10 / 6 田中渓のBeyond K-point,"Sun, 05 Oct 2025 20:59:00 -0000",3,Michael Buble,It’s a beautiful day,Michael Buble _ It’s a beautiful day,content_encoded,ok
10 / 6 田中渓のBeyond K-point,"Sun, 05 Oct 2025 20:59:00 -0000",4,Michael Buble,Me and Mrs. Jones,Michael Buble _ Me and Mrs. Jones,content_encoded,ok
10 / 6 田中渓のBeyond K-point,"Sun, 05 Oct 2025 20:59:00 -0000",5,Smilez and Southstar,Tell me,Smilez and Southstar _ Tell me,content_encoded,ok
9 / 29 田中渓のBeyond K-point,"Sun, 28 Sep 2025 20:59:00 -0000",1,加藤ミリヤ,夜空,加藤ミリヤ / 夜空,content_encoded,ok
9 / 29 田中渓のBeyond K-point,"Sun, 28 Sep 2025 20:59:00 -0000",2,Grapevine,Ninja pop city,Grapevine / Ninja pop city,content_encoded,ok
9 / 29 田中渓のBeyond K-point,"Sun, 28 Sep 2025 20:59:00 -0000",3,Vanessa Paradis,Natural High,Vanessa Paradis / Natural High,content_encoded,ok
9 / 29 田中渓のBeyond K-point,"Sun, 28 Sep 2025 20:59:00 -0000",4,Be: First,Bye-good-bye,Be: First / Bye-good-bye,content_encoded,ok
9 / 29 田中渓のBeyond K-point,"Sun, 28 Sep 2025 20:59:00 -0000",5,Tohko,Bad luck on love,Tohko / Bad luck on love,content_encoded,ok
9 / 22 田中渓のBeyond K-point,"Sun, 21 Sep 2025 20:59:00 -0000",1,Tommy February 6,HEY BAD BOY,Tommy February 6 - HEY BAD BOY,content_encoded,ok
9 / 22 田中渓のBeyond K-point,"Sun, 21 Sep 2025 20:59:00 -0000",2,Harry styles,Adore you,Harry styles - Adore you,content_encoded,ok
9 / 22 田中渓のBeyond K-point,"Sun, 21 Sep 2025 20:59:00 -0000",3,Shawn Mendes,Treat you better,Shawn Mendes - Treat you better,content_encoded,ok
9 / 22 田中渓のBeyond K-point,"Sun, 21 Sep 2025 20:59:00 -0000",4,Jessie J,Price Tag,Jessie J - Price Tag,content_encoded,ok
9 / 22 田中渓のBeyond K-point,"Sun, 21 Sep 2025 20:59:00 -0000",5,Tilar,Unite and Heal,Tilar - Unite and Heal,content_encoded,ok
9 / 15 田中渓のBeyond K-point,"Sun, 14 Sep 2025 20:59:00 -0000",1,Daryl hall & John Oates,I can’t go for that,Daryl hall & John Oates / I can’t go for that,content_encoded,ok
9 / 15 田中渓のBeyond K-point,"Sun, 14 Sep 2025 20:59:00 -0000",2,Samantha James,Rise,Samantha James / Rise,content_encoded,ok
9 / 15 田中渓のBeyond K-point,"Sun, 14 Sep 2025 20:59:00 -0000",3,Leven Kali,Are U Still,Leven Kali / Are U Still,content_encoded,ok
9 / 15 田中渓のBeyond K-point,"Sun, 14 Sep 2025 20:59:00 -0000",5,"Puff Daddy feat.Faith Evans,112",I’ll be Missing you,"Puff Daddy feat.Faith Evans,112 / I’ll be Missing you",content_encoded,ok
8 / 18 田中渓のBeyond K-point,"Sun, 17 Aug 2025 20:59:00 -0000",1,Mario Winans,I dont wanna know,Mario Winans / I dont wanna know,content_encoded,ok
8 / 18 田中渓のBeyond K-point,"Sun, 17 Aug 2025 20:59:00 -0000",2,ココラシカ,手のひらで躍らせて,ココラシカ / 手のひらで躍らせて,content_encoded,ok
8 / 18 田中渓のBeyond K-point,"Sun, 17 Aug 2025 20:59:00 -0000",3,DJ OKAWARI feat.fox capture plan,Lightning Moment,DJ OKAWARI feat.fox capture plan / Lightning Moment,content_encoded,ok
8 / 18 田中渓のBeyond K-point,"Sun, 17 Aug 2025 20:59:00 -0000",4,Michael Jackson,Smooth Criminal（LIVE）,Michael Jackson / Smooth Criminal（LIVE）,content_encoded,ok
8 / 18 田中渓のBeyond K-point,"Sun, 17 Aug 2025 20:59:00 -0000",5,Desree,You gotta be,Desree _ You gotta be,content_encoded,ok
8 / 4 田中渓のBeyond K-point,"Sun, 03 Aug 2025 20:59:00 -0000",1,サザンオールスターズ,美しい砂のテーマ,サザンオールスターズ / 美しい砂のテーマ,content_encoded,ok
8 / 4 田中渓のBeyond K-point,"Sun, 03 Aug 2025 20:59:00 -0000",2,Panjabi MC,Jogi,Panjabi MC / Jogi,content_encoded,ok
8 / 4 田中渓のBeyond K-point,"Sun, 03 Aug 2025 20:59:00 -0000",3,Blanche Bailly ft Mink’s,Mimbayeur,Blanche Bailly ft Mink’s / Mimbayeur,content_encoded,ok
8 / 4 田中渓のBeyond K-point,"Sun, 03 Aug 2025 20:59:00 -0000",4,Vibrant,Mediterranean Romance,Vibrant / Mediterranean Romance,content_encoded,ok
7/21 田中渓のBeyond K-point,"Sun, 20 Jul 2025 20:59:00 -0000",1,"Oklou, Bladee",Take me by the hand,"Oklou, Bladee / Take me by the hand",content_encoded,ok
7/21 田中渓のBeyond K-point,"Sun, 20 Jul 2025 20:59:00 -0000",2,Jamiroquai,Canned Heat,Jamiroquai_Canned Heat,content_encoded,ok
7/21 田中渓のBeyond K-point,"Sun, 20 Jul 2025 20:59:00 -0000",3,Enigma,Mea Culpa,Enigma / Mea Culpa,content_encoded,ok
7/21 田中渓のBeyond K-point,"Sun, 20 Jul 2025 20:59:00 -0000",4,サカナクション,Wasurerarenaino,サカナクション/ Wasurerarenaino,content_encoded,ok
7/21 田中渓のBeyond K-point,"Sun, 20 Jul 2025 20:59:00 -0000",5,Musiq,For the night,Musiq / For the night,content_encoded,ok
7/14 田中渓のBeyond K-point,"Sun, 13 Jul 2025 20:59:00 -0000",1,Volta Masters,Decisions,Volta Masters _ Decisions,content_encoded,ok
7/14 田中渓のBeyond K-point,"Sun, 13 Jul 2025 20:59:00 -0000",2,Pitbull ft. Chris Brown,Fun,Pitbull ft. Chris Brown _ Fun,content_encoded,ok
7/14 田中渓のBeyond K-point,"Sun, 13 Jul 2025 20:59:00 -0000",3,Alicia Keys,Empire State of Mind Part. 2,Alicia Keys _ Empire State of Mind Part. 2,content_encoded,ok
7/14 田中渓のBeyond K-point,"Sun, 13 Jul 2025 20:59:00 -0000",4,The Schuyler Sisters,by Hamilton,The Schuyler Sisters _ by Hamilton,content_encoded,ok
7/14 田中渓のBeyond K-point,"Sun, 13 Jul 2025 20:59:00 -0000",5,Waving Through The Window,Broadway Cast of Dear Evan Hansen,Waving Through The Window _ Broadway Cast of Dear Evan Hansen,content_encoded,ok
7/14 田中渓のBeyond K-point,"Sun, 13 Jul 2025 20:59:00 -0000",6,Sade,Kiss of Life,Sade _ Kiss of Life,content_encoded,ok
7/7 田中渓のBeyond K-point,"Sun, 06 Jul 2025 20:59:00 -0000",1,Depapeko （押尾コータロー、DEPAPEPE）,Landscape,Depapeko （押尾コータロー、DEPAPEPE） _ Landscape,content_encoded,ok
7/7 田中渓のBeyond K-point,"Sun, 06 Jul 2025 20:59:00 -0000",2,Nelly Feat. City Spud,Ride Wit Me,Nelly Feat. City Spud _ Ride Wit Me,content_encoded,ok
7/7 田中渓のBeyond K-point,"Sun, 06 Jul 2025 20:59:00 -0000",3,Bruce Hornsby & The range,The way it is,Bruce Hornsby & The range _ The way it is,content_encoded,ok
7/7 田中渓のBeyond K-point,"Sun, 06 Jul 2025 20:59:00 -0000",4,DJ Deckstream,For my ladies,DJ Deckstream _ For my ladies,content_encoded,ok
7/7 田中渓のBeyond K-point,"Sun, 06 Jul 2025 20:59:00 -0000",5,ボロディン,中央アジアの草原にて,ボロディン _ 中央アジアの草原にて,content_encoded,ok
7/7 田中渓のBeyond K-point,"Sun, 06 Jul 2025 20:59:00 -0000",6,Lil Keke,Platinum in the ghetto,Lil Keke _ Platinum in the ghetto,content_encoded,ok
6/23 田中渓のBeyond K-point,"Sun, 22 Jun 2025 20:59:00 -0000",1,SWV,Right Here,SWV / Right Here,content_encoded,ok
6/23 田中渓のBeyond K-point,"Sun, 22 Jun 2025 20:59:00 -0000",2,Miley Cyrus,Flowers,Miley Cyrus / Flowers,content_encoded,ok
6/23 田中渓のBeyond K-point,"Sun, 22 Jun 2025 20:59:00 -0000",3,Destinys Child,Independent Woman,Destinys Child / Independent Woman,content_encoded,ok
6/23 田中渓のBeyond K-point,"Sun, 22 Jun 2025 20:59:00 -0000",4,TLC,No Scrubs,TLC / No Scrubs,content_encoded,ok
6/23 田中渓のBeyond K-point,"Sun, 22 Jun 2025 20:59:00 -0000",5,Anita Baker,Sweet Love,Anita Baker / Sweet Love,content_encoded,ok
6/16 田中渓のBeyond K-point,"Sun, 15 Jun 2025 20:59:00 -0000",1,Mr. Children,Tomorrow Never Knows,Mr. Children _ Tomorrow Never Knows,content_encoded,ok
6/16 田中渓のBeyond K-point,"Sun, 15 Jun 2025 20:59:00 -0000",2,久保田利伸,La La La Love Song,久保田利伸 _ La La La Love Song,content_encoded,ok
6/16 田中渓のBeyond K-point,"Sun, 15 Jun 2025 20:59:00 -0000",3,LiSA,紅蓮華,LiSA _ 紅蓮華,content_encoded,ok
6/16 田中渓のBeyond K-point,"Sun, 15 Jun 2025 20:59:00 -0000",4,Ado,新時代,Ado _ 新時代,content_encoded,ok
6/16 田中渓のBeyond K-point,"Sun, 15 Jun 2025 20:59:00 -0000",5,Subtitle,Official髭男dism,Subtitle _ Official髭男dism,content_encoded,ok
6/16 田中渓のBeyond K-point,"Sun, 15 Jun 2025 20:59:00 -0000",6,橋本潮,ロマンティックあげるよ,橋本潮 _ ロマンティックあげるよ,content_encoded,ok
6/9 田中渓のBeyond K-point,"Sun, 08 Jun 2025 20:59:00 -0000",1,Led Zeppelin,Stairway to Heaven,Led Zeppelin _ Stairway to Heaven,content_encoded,ok
6/9 田中渓のBeyond K-point,"Sun, 08 Jun 2025 20:59:00 -0000",2,Manic Street Preachers,The Everlasting,Manic Street Preachers _ The Everlasting,content_encoded,ok
6/9 田中渓のBeyond K-point,"Sun, 08 Jun 2025 20:59:00 -0000",3,Nothing but thieves,Overcome,Nothing but thieves _ Overcome,content_encoded,ok
6/9 田中渓のBeyond K-point,"Sun, 08 Jun 2025 20:59:00 -0000",4,Eric Clapton,Old Love (Unplugged Live),Eric Clapton _ Old Love (Unplugged Live),content_encoded,ok
6/9 田中渓のBeyond K-point,"Sun, 08 Jun 2025 20:59:00 -0000",5,Bruce Hornsby and the Range,The Show goes on,Bruce Hornsby and the Range _ The Show goes on,content_encoded,ok
6/2 田中渓のBeyond K-point,"Sun, 01 Jun 2025 20:59:00 -0000",1,Nujabes,Arualian Dance,Nujabes / Arualian Dance,content_encoded,ok
6/2 田中渓のBeyond K-point,"Sun, 01 Jun 2025 20:59:00 -0000",2,Nas,I can,Nas / I can,content_encoded,ok
6/2 田中渓のBeyond K-point,"Sun, 01 Jun 2025 20:59:00 -0000",3,Warren G & Sissel,Prince Igor,Warren G & Sissel / Prince Igor,content_encoded,ok
6/2 田中渓のBeyond K-point,"Sun, 01 Jun 2025 20:59:00 -0000",4,Sweetbox,Everything’ gonna be alright,Sweetbox / Everything’ gonna be alright,content_encoded,ok
6/2 田中渓のBeyond K-point,"Sun, 01 Jun 2025 20:59:00 -0000",5,Sweetbox,Miss You（20秒程度）,Sweetbox / Miss You（20秒程度）,content_encoded,ok
6/2 田中渓のBeyond K-point,"Sun, 01 Jun 2025 20:59:00 -0000",6,Eternity,Wonderful World,Eternity / Wonderful World,content_encoded,ok
5/12 田中渓のBeyond K-point,"Sun, 11 May 2025 20:59:00 -0000",1,Jazztronik,七色,Jazztronik /七色,content_encoded,ok
5/12 田中渓のBeyond K-point,"Sun, 11 May 2025 20:59:00 -0000",2,Shawn Mendes & Camila Cabello,I Know What You Did Last Summer,Shawn Mendes & Camila Cabello /I Know What You Did Last Summer,content_encoded,ok
5/12 田中渓のBeyond K-point,"Sun, 11 May 2025 20:59:00 -0000",3,Ten,Butterfly,Ten / Butterfly,content_encoded,ok
5/12 田中渓のBeyond K-point,"Sun, 11 May 2025 20:59:00 -0000",7,Maxi Priest,Close to you,Maxi Priest / Close to you,content_encoded,ok
5/12 田中渓のBeyond K-point,"Sun, 11 May 2025 20:59:00 -0000",8,Major Lazer & DJ Snake,Lean on,Major Lazer & DJ Snake / Lean on,content_encoded,ok
5/12 田中渓のBeyond K-point,"Sun, 11 May 2025 20:59:00 -0000",9,Lutricia Mcneal,Ain’t that just the way,Lutricia Mcneal / Ain’t that just the way,content_encoded,ok
5/5 田中渓のBeyond K-point,"Sun, 04 May 2025 20:59:00 -0000",1,Heatwave,Dreamin’ You,Heatwave/ Dreamin’ You,content_encoded,ok
5/5 田中渓のBeyond K-point,"Sun, 04 May 2025 20:59:00 -0000",2,J-hope,Hope World,J-hope/ Hope World,content_encoded,ok
5/5 田中渓のBeyond K-point,"Sun, 04 May 2025 20:59:00 -0000",3,Kenichiro Nishihara,My leaving (feat. Mabanua),Kenichiro Nishihara / My leaving (feat. Mabanua),content_encoded,ok
5/5 田中渓のBeyond K-point,"Sun, 04 May 2025 20:59:00 -0000",4,エンニオ・モリコーネ,Gabriel’s Oboe,エンニオ・モリコーネ / Gabriel’s Oboe,content_encoded,ok
5/5 田中渓のBeyond K-point,"Sun, 04 May 2025 20:59:00 -0000",5,Schroeder Heads,Newdays,Schroeder Heads / Newdays,content_encoded,ok
5/5 田中渓のBeyond K-point,"Sun, 04 May 2025 20:59:00 -0000",6,DJ Jazzy jeff,For da love of da game,DJ Jazzy jeff / For da love of da game,content_encoded,ok
4/28 田中渓のBeyond K-point,"Sun, 27 Apr 2025 20:59:00 -0000",1,Charlie Puth,The way I am,Charlie Puth / The way I am,content_encoded,ok
4/28 田中渓のBeyond K-point,"Sun, 27 Apr 2025 20:59:00 -0000",2,Lesh,Elevation,Lesh / Elevation,content_encoded,ok
4/28 田中渓のBeyond K-point,"Sun, 27 Apr 2025 20:59:00 -0000",3,The 1975,She is American,The 1975 / She is American,content_encoded,ok
4/28 田中渓のBeyond K-point,"Sun, 27 Apr 2025 20:59:00 -0000",4,Deep Forest,Bohemian Ballet,Deep Forest / Bohemian Ballet,content_encoded,ok
4/28 田中渓のBeyond K-point,"Sun, 27 Apr 2025 20:59:00 -0000",5,Chaka Khan,Ain’t nobody,Chaka Khan / Ain’t nobody,content_encoded,ok
4/21 田中渓のBeyond K-point,"Sun, 20 Apr 2025 20:59:00 -0000",1,Redfoo,Where the Sun Goes,Redfoo / Where the Sun Goes,content_encoded,ok
4/21 田中渓のBeyond K-point,"Sun, 20 Apr 2025 20:59:00 -0000",2,Dirty Loops,Rock You,Dirty Loops/ Rock You,content_encoded,ok
4/21 田中渓のBeyond K-point,"Sun, 20 Apr 2025 20:59:00 -0000",3,Jung Kook,Seven,Jung Kook / Seven,content_encoded,ok
4/21 田中渓のBeyond K-point,"Sun, 20 Apr 2025 20:59:00 -0000",4,2pac,Changes,2pac / Changes,content_encoded,ok
4/21 田中渓のBeyond K-point,"Sun, 20 Apr 2025 20:59:00 -0000",5,2pac,Love your hood,2pac / Love your hood,content_encoded,ok
4/21 田中渓のBeyond K-point,"Sun, 20 Apr 2025 20:59:00 -0000",6,The Brand New Heavies,You are the Universe,The Brand New Heavies / You are the Universe,content_encoded,ok
4 / 14 田中渓のBeyond K-point,"Sun, 13 Apr 2025 20:59:00 -0000",1,Elisha la verne,I’m not dreaming (Remix.),Elisha la verne _ I’m not dreaming (Remix.),content_encoded,ok
4 / 14 田中渓のBeyond K-point,"Sun, 13 Apr 2025 20:59:00 -0000",2,Blessed of Union of Soul,I believe,Blessed of Union of Soul _ I believe,content_encoded,ok
4 / 14 田中渓のBeyond K-point,"Sun, 13 Apr 2025 20:59:00 -0000",3,Craig David,Time to party,Craig David _ Time to party,content_encoded,ok
4 / 14 田中渓のBeyond K-point,"Sun, 13 Apr 2025 20:59:00 -0000",4,T-square (Naohiro Iwai & 東京佼成ウインドオーケストラ Ver.),Omens of Love,T-square (Naohiro Iwai & 東京佼成ウインドオーケストラ Ver.) _ Omens of Love,content_encoded,ok
4 / 14 田中渓のBeyond K-point,"Sun, 13 Apr 2025 20:59:00 -0000",5,Count Bass D,Seven Years,Count Bass D _ Seven Years,content_encoded,ok
4 / 14 田中渓のBeyond K-point,"Sun, 13 Apr 2025 20:59:00 -0000",6,Jerzee Monet,Most High (Remix) feat. DMX,Jerzee Monet - Most High (Remix) feat. DMX,content_encoded,ok
4 / 7 田中渓のBeyond K-point,"Sun, 06 Apr 2025 20:59:00 -0000",1,Anger of the Earth,Nomak,Anger of the Earth / Nomak,content_encoded,ok
4 / 7 田中渓のBeyond K-point,"Sun, 06 Apr 2025 20:59:00 -0000",2,Give Life Back to Music,Daft Punk,Give Life Back to Music / Daft Punk,content_encoded,ok
4 / 7 田中渓のBeyond K-point,"Sun, 06 Apr 2025 20:59:00 -0000",3,Saturday Sunday,Jason Derulo & David Guetta,Saturday Sunday / Jason Derulo & David Guetta,content_encoded,ok
4 / 7 田中渓のBeyond K-point,"Sun, 06 Apr 2025 20:59:00 -0000",4,Blessing it (Remix feat. Substantial & Pace Rock),Nujabes,Blessing it (Remix feat. Substantial & Pace Rock) / Nujabes,content_encoded,ok
4 / 7 田中渓のBeyond K-point,"Sun, 06 Apr 2025 20:59:00 -0000",5,Still talking to you,Nujabes,Still talking to you / Nujabes,content_encoded,ok
4 / 7 田中渓のBeyond K-point,"Sun, 06 Apr 2025 20:59:00 -0000",6,It’s Okay (Stargate Radio Edit),Des’ree,It’s Okay (Stargate Radio Edit) / Des’ree,content_encoded,ok
